{
  "clean_holdout_metrics": {
    "accuracy": 1.0,
    "balanced_accuracy": 1.0,
    "precision": 1.0,
    "recall_sensitivity": 1.0,
    "specificity": 1.0,
    "f1": 1.0,
    "f2": 1.0,
    "roc_auc": 1.0,
    "pr_auc": 1.0,
    "mcc": 1.0,
    "cohen_kappa": 1.0,
    "log_loss": 0.007976473858948934,
    "confusion_matrix": {
      "tn": 3353,
      "fp": 0,
      "fn": 0,
      "tp": 278
    }
  },
  "noisy_simulation_metrics": {
    "accuracy": 0.9961443128614706,
    "precision": 0.9888888888888889,
    "recall_sensitivity": 0.960431654676259,
    "specificity": 0.999105278854757,
    "f1": 0.9744525547445255,
    "roc_auc": 0.999812258752497,
    "confusion_matrix": {
      "tn": 3350,
      "fp": 3,
      "fn": 11,
      "tp": 267
    }
  },
  "error_analysis": {
    "total_errors": 14,
    "false_positives": 3,
    "false_negatives": 11,
    "high_confidence_mistakes": 0,
    "error_rows": [
      {
        "dista": 9.198494937157072,
        "distb": 11.161940146870679,
        "distancediff": 1.9634452097136066,
        "dist_ratio": 0.9999998571428775,
        "speeda": 4.42,
        "speedb": 0.0,
        "avgspeed": 0.7490233926448595,
        "accelerationa": 0.0,
        "accelerationb": 0.0,
        "accel_sum": 0.0,
        "approachinga": 1.0,
        "approachingb": 0.0,
        "hour_of_day": 19.0,
        "day_of_week": 6.0,
        "is_rush_hour": 1.0,
        "kind": "FALSE_NEGATIVE",
        "true_label": 1,
        "predicted_label": 0,
        "predicted_probability": 0.4581,
        "distance_from_threshold": 0.1401,
        "high_confidence_mistake": false
      },
      {
        "dista": 7.168773355630114,
        "distb": 2.30673061420667,
        "distancediff": 4.862042741423444,
        "dist_ratio": 0.9999998333333611,
        "speeda": 0.0,
        "speedb": 0.0,
        "avgspeed": 2.161941781188503,
        "accelerationa": 0.0,
        "accelerationb": -19.58,
        "accel_sum": -19.58,
        "approachinga": 0.0,
        "approachingb": 0.0,
        "hour_of_day": 19.0,
        "day_of_week": 6.0,
        "is_rush_hour": 1.0,
        "kind": "FALSE_POSITIVE",
        "true_label": 0,
        "predicted_label": 1,
        "predicted_probability": 0.7527,
        "distance_from_threshold": 0.1545,
        "high_confidence_mistake": false
      },
      {
        "dista": 2.8240683642680113,
        "distb": 4.669435493731278,
        "distancediff": 1.8453671294632668,
        "dist_ratio": 0.9999997500000625,
        "speeda": 4.42,
        "speedb": 0.0,
        "avgspeed": 0.994746535697266,
        "accelerationa": 19.58,
        "accelerationb": 0.0,
        "accel_sum": 19.58,
        "approachinga": 1.0,
        "approachingb": 0.0,
        "hour_of_day": 19.0,
        "day_of_week": 6.0,
        "is_rush_hour": 1.0,
        "kind": "FALSE_NEGATIVE",
        "true_label": 1,
        "predicted_label": 0,
        "predicted_probability": 0.5292,
        "distance_from_threshold": 0.069,
        "high_confidence_mistake": false
      },
      {
        "dista": 11.563975984918342,
        "distb": 7.304365578857068,
        "distancediff": 4.259610406061274,
        "dist_ratio": 1.2499998437500197,
        "speeda": 0.0,
        "speedb": 4.42,
        "avgspeed": 0.9800555117417764,
        "accelerationa": -19.75,
        "accelerationb": 19.58,
        "accel_sum": -0.1700000000000017,
        "approachinga": 0.0,
        "approachingb": 0.0,
        "hour_of_day": 19.0,
        "day_of_week": 6.0,
        "is_rush_hour": 1.0,
        "kind": "FALSE_NEGATIVE",
        "true_label": 1,
        "predicted_label": 0,
        "predicted_probability": 0.4416,
        "distance_from_threshold": 0.1567,
        "high_confidence_mistake": false
      },
      {
        "dista": 10.676268227340493,
        "distb": 2.8331051675244066,
        "distancediff": 7.843163059816087,
        "dist_ratio": 1.71428546938779,
        "speeda": 4.41,
        "speedb": 0.0,
        "avgspeed": 0.32782425912942625,
        "accelerationa": -19.24,
        "accelerationb": 0.0,
        "accel_sum": -19.24,
        "approachinga": 1.0,
        "approachingb": 0.0,
        "hour_of_day": 19.0,
        "day_of_week": 6.0,
        "is_rush_hour": 1.0,
        "kind": "FALSE_NEGATIVE",
        "true_label": 1,
        "predicted_label": 0,
        "predicted_probability": 0.4288,
        "distance_from_threshold": 0.1694,
        "high_confidence_mistake": false
      },
      {
        "dista": 19.658257228048903,
        "distb": 3.8203620387477875,
        "distancediff": 15.837895189301115,
        "dist_ratio": 2.28571395918372,
        "speeda": 0.0,
        "speedb": 4.35,
        "avgspeed": 0.767928960755945,
        "accelerationa": 0.0,
        "accelerationb": 18.9,
        "accel_sum": 18.9,
        "approachinga": 0.0,
        "approachingb": 1.0,
        "hour_of_day": 19.0,
        "day_of_week": 6.0,
        "is_rush_hour": 1.0,
        "kind": "FALSE_NEGATIVE",
        "true_label": 1,
        "predicted_label": 0,
        "predicted_probability": 0.5266,
        "distance_from_threshold": 0.0717,
        "high_confidence_mistake": false
      },
      {
        "dista": 2.86689162360295,
        "distb": 7.987028177865227,
        "distancediff": 5.120136554262277,
        "dist_ratio": 0.7142856122449125,
        "speeda": 4.42,
        "speedb": 0.0,
        "avgspeed": 0.8778825705901376,
        "accelerationa": 19.58,
        "accelerationb": 0.0,
        "accel_sum": 19.58,
        "approachinga": 1.0,
        "approachingb": 0.0,
        "hour_of_day": 19.0,
        "day_of_week": 6.0,
        "is_rush_hour": 1.0,
        "kind": "FALSE_NEGATIVE",
        "true_label": 1,
        "predicted_label": 0,
        "predicted_probability": 0.5192,
        "distance_from_threshold": 0.079,
        "high_confidence_mistake": false
      },
      {
        "dista": 7.703638869147433,
        "distb": 4.529151034266617,
        "distancediff": 3.174487834880816,
        "dist_ratio": 1.9999990000005,
        "speeda": 4.48,
        "speedb": 0.0,
        "avgspeed": 0.5530337613914604,
        "accelerationa": 20.11,
        "accelerationb": 0.0,
        "accel_sum": 20.11,
        "approachinga": 0.0,
        "approachingb": 0.0,
        "hour_of_day": 14.0,
        "day_of_week": 6.0,
        "is_rush_hour": 0.0,
        "kind": "FALSE_NEGATIVE",
        "true_label": 1,
        "predicted_label": 0,
        "predicted_probability": 0.4493,
        "distance_from_threshold": 0.1489,
        "high_confidence_mistake": false
      },
      {
        "dista": 11.222237747706105,
        "distb": 1.1282778165751088,
        "distancediff": 10.093959931130996,
        "dist_ratio": 4.666665111111629,
        "speeda": 4.35,
        "speedb": 0.0,
        "avgspeed": 0.8828828434322249,
        "accelerationa": -18.9,
        "accelerationb": -18.9,
        "accel_sum": -37.8,
        "approachinga": 0.0,
        "approachingb": 0.0,
        "hour_of_day": 14.0,
        "day_of_week": 6.0,
        "is_rush_hour": 0.0,
        "kind": "FALSE_NEGATIVE",
        "true_label": 1,
        "predicted_label": 0,
        "predicted_probability": 0.3373,
        "distance_from_threshold": 0.2609,
        "high_confidence_mistake": false
      },
      {
        "dista": 5.243533532394455,
        "distb": 27.24465742684119,
        "distancediff": 22.001123894446735,
        "dist_ratio": 0.16666666111111128,
        "speeda": 4.2,
        "speedb": 117.65,
        "avgspeed": 60.478421864652006,
        "accelerationa": 17.65,
        "accelerationb": -451.06,
        "accel_sum": -433.41,
        "approachinga": 1.0,
        "approachingb": 1.0,
        "hour_of_day": 14.0,
        "day_of_week": 6.0,
        "is_rush_hour": 0.0,
        "kind": "FALSE_POSITIVE",
        "true_label": 0,
        "predicted_label": 1,
        "predicted_probability": 0.7987,
        "distance_from_threshold": 0.2005,