{
  "clean_holdout_metrics": {
    "accuracy": 1.0,
    "balanced_accuracy": 1.0,
    "precision": 1.0,
    "recall_sensitivity": 1.0,
    "specificity": 1.0,
    "f1": 1.0,
    "f2": 1.0,
    "roc_auc": 1.0,
    "pr_auc": 1.0,
    "mcc": 1.0,
    "cohen_kappa": 1.0,
    "log_loss": 0.007976473858948929,
    "confusion_matrix": {
      "tn": 3353,
      "fp": 0,
      "fn": 0,
      "tp": 278
    }
  },
  "noisy_simulation_metrics": {
    "accuracy": 0.9986229688790966,
    "precision": 0.9857651245551602,
    "recall_sensitivity": 0.9964028776978417,
    "specificity": 0.9988070384730092,
    "f1": 0.9910554561717353,
    "roc_auc": 0.999812258752497,
    "confusion_matrix": {
      "tn": 3349,
      "fp": 4,
      "fn": 1,
      "tp": 277
    }
  },
  "error_analysis": {
    "total_errors": 5,
    "false_positives": 4,
    "false_negatives": 1,
    "high_confidence_mistakes": 3,
    "error_rows": [
      {
        "dista": 7.168773355630114,
        "distb": 2.30673061420667,
        "distancediff": 4.862042741423444,
        "dist_ratio": 0.9999998333333611,
        "speeda": 0.0,
        "speedb": 0.0,
        "avgspeed": 2.161941781188503,
        "accelerationa": 0.0,
        "accelerationb": -19.58,
        "accel_sum": -19.58,
        "approachinga": 0.0,
        "approachingb": 0.0,
        "hour_of_day": 19.0,
        "day_of_week": 6.0,
        "is_rush_hour": 1.0,
        "kind": "FALSE_POSITIVE",
        "true_label": 0,
        "predicted_label": 1,
        "predicted_probability": 0.7527,
        "distance_from_threshold": 0.3239,
        "high_confidence_mistake": true
      },
      {
        "dista": 11.222237747706105,
        "distb": 1.1282778165751088,
        "distancediff": 10.093959931130996,
        "dist_ratio": 4.666665111111629,
        "speeda": 4.35,
        "speedb": 0.0,
        "avgspeed": 0.8828828434322249,
        "accelerationa": -18.9,
        "accelerationb": -18.9,
        "accel_sum": -37.8,
        "approachinga": 0.0,
        "approachingb": 0.0,
        "hour_of_day": 14.0,
        "day_of_week": 6.0,
        "is_rush_hour": 0.0,
        "kind": "FALSE_NEGATIVE",
        "true_label": 1,
        "predicted_label": 0,
        "predicted_probability": 0.3373,
        "distance_from_threshold": 0.0915,
        "high_confidence_mistake": false
      },
      {
        "dista": 5.243533532394455,
        "distb": 27.24465742684119,
        "distancediff": 22.001123894446735,
        "dist_ratio": 0.16666666111111128,
        "speeda": 4.2,
        "speedb": 117.65,
        "avgspeed": 60.478421864652006,
        "accelerationa": 17.65,
        "accelerationb": -451.06,
        "accel_sum": -433.41,
        "approachinga": 1.0,
        "approachingb": 1.0,
        "hour_of_day": 14.0,
        "day_of_week": 6.0,
        "is_rush_hour": 0.0,
        "kind": "FALSE_POSITIVE",
        "true_label": 0,
        "predicted_label": 1,
        "predicted_probability": 0.7987,
        "distance_from_threshold": 0.3699,
        "high_confidence_mistake": true
      },
      {
        "dista": 3.1435251785953944,
        "distb": 29.342128224611443,
        "distancediff": 26.19860304601605,
        "dist_ratio": 0.0937499970703126,
        "speeda": 0.0,
        "speedb": 114.89,
        "avgspeed": 55.66333547310448,
        "accelerationa": -17.73,
        "accelerationb": -273.5,
        "accel_sum": -291.23,
        "approachinga": 0.0,
        "approachingb": 1.0,
        "hour_of_day": 5.0,
        "day_of_week": 0.0,
        "is_rush_hour": 0.0,
        "kind": "FALSE_POSITIVE",
        "true_label": 0,
        "predicted_label": 1,
        "predicted_probability": 0.7463,
        "distance_from_threshold": 0.3174,
        "high_confidence_mistake": true
      },
      {
        "dista": 29.044582459682704,
        "distb": 11.382380901478182,
        "distancediff": 17.662201558204522,
        "dist_ratio": 2.5384613431952814,
        "speeda": 128.1,
        "speedb": 12.4,
        "avgspeed": 70.2173729774911,
        "accelerationa": -503.72,
        "accelerationb": -50.39,
        "accel_sum": -554.11,
        "approachinga": 1.0,
        "approachingb": 1.0,
        "hour_of_day": 6.0,
        "day_of_week": 0.0,
        "is_rush_hour": 0.0,
        "kind": "FALSE_POSITIVE",
        "true_label": 0,
        "predicted_label": 1,
        "predicted_probability": 0.5298,
        "distance_from_threshold": 0.101,
        "high_confidence_mistake": false
      }
    ]
  }
}